comercial,ventas,beneficio
PV,1120705.11308,243709.3042745457
DS,967862.9686,201536.51604880646
MM,1254921.1970000002,171393.66901632806
JLGG,836395.0812,167533.90092612995
AMB,761206.8616000001,164583.65925798143
RF,1169231.6272,154190.13946015047
